"","police_dist","year","crash_type","crashes","injuries_total","injuries_fatal","injuries_incapacitating","injuries_non_incapacitating","injuries_reported_not_evident"
"1","1","2009","PEDALCYCLIST",86,87,0,8,48,31
"2","1","2009","PEDESTRIAN",261,274,2,31,130,113
"3","1","2009","Vehicle/Other",3369,933,2,89,393,451
"4","1","2010","PEDALCYCLIST",86,83,0,11,46,26
"5","1","2010","PEDESTRIAN",210,220,1,24,119,77
"6","1","2010","Vehicle/Other",3420,749,5,69,364,316
"7","1","2011","PEDALCYCLIST",87,80,1,6,46,28
"8","1","2011","PEDESTRIAN",204,206,2,24,117,65
"9","1","2011","Vehicle/Other",3262,679,0,64,350,265
"10","1","2012","PEDALCYCLIST",119,115,0,9,69,37
"11","1","2012","PEDESTRIAN",221,222,1,24,111,87
"12","1","2012","Vehicle/Other",3099,760,4,64,375,321
"13","1","2013","PEDALCYCLIST",77,71,0,7,40,24
"14","1","2013","PEDESTRIAN",197,199,0,24,111,64
"15","1","2013","Vehicle/Other",3125,777,5,88,339,350
"16","1","2014","PEDALCYCLIST",87,77,0,10,43,24
"17","1","2014","PEDESTRIAN",207,195,0,23,122,50
"18","1","2014","Vehicle/Other",3473,766,5,73,344,349
"19","1","2015","PEDALCYCLIST",110,107,0,21,63,23
"20","1","2015","PEDESTRIAN",222,225,4,49,121,55
"21","1","2015","Vehicle/Other",4472,898,3,106,444,348
"22","1","2016","PEDALCYCLIST",113,101,0,14,45,42
"23","1","2016","PEDESTRIAN",206,202,1,16,92,94
"24","1","2016","Vehicle/Other",5322,848,1,93,440,315
"25","1","2017","PEDALCYCLIST",77,72,0,9,42,21
"26","1","2017","PEDESTRIAN",236,233,0,39,139,55
"27","1","2017","Vehicle/Other",5489,959,4,112,513,334
"28","10","2009","PEDALCYCLIST",27,28,0,8,11,9
"29","10","2009","PEDESTRIAN",140,142,0,21,69,52
"30","10","2009","Vehicle/Other",2324,496,1,54,235,207
"31","10","2010","PEDALCYCLIST",36,37,0,6,11,20
"32","10","2010","PEDESTRIAN",112,118,0,12,58,48
"33","10","2010","Vehicle/Other",2213,581,3,48,291,242
"34","10","2011","PEDALCYCLIST",31,28,1,5,12,11
"35","10","2011","PEDESTRIAN",122,125,0,18,57,50
"36","10","2011","Vehicle/Other",2143,473,8,37,249,187
"37","10","2012","PEDALCYCLIST",48,51,0,6,26,19
"38","10","2012","PEDESTRIAN",102,99,5,16,51,32
"39","10","2012","Vehicle/Other",2232,539,9,59,236,244
"40","10","2013","PEDALCYCLIST",50,47,1,5,24,18
"41","10","2013","PEDESTRIAN",120,129,0,21,69,39
"42","10","2013","Vehicle/Other",2199,601,6,69,234,298
"43","10","2014","PEDALCYCLIST",27,26,0,3,15,8
"44","10","2014","PEDESTRIAN",108,111,1,19,59,33
"45","10","2014","Vehicle/Other",2282,502,4,48,195,259
"46","10","2015","PEDALCYCLIST",38,37,1,6,19,12
"47","10","2015","PEDESTRIAN",114,110,1,16,68,26
"48","10","2015","Vehicle/Other",2571,509,1,49,197,263
"49","10","2016","PEDALCYCLIST",35,36,0,5,21,10
"50","10","2016","PEDESTRIAN",107,108,2,15,43,50
"51","10","2016","Vehicle/Other",2894,520,2,32,238,250
"52","10","2017","PEDALCYCLIST",42,43,0,6,24,13
"53","10","2017","PEDESTRIAN",127,132,2,27,72,33
"54","10","2017","Vehicle/Other",2800,758,4,73,365,320
"55","11","2009","PEDALCYCLIST",38,38,0,4,18,16
"56","11","2009","PEDESTRIAN",159,168,1,26,89,53
"57","11","2009","Vehicle/Other",3220,1040,12,111,534,395
"58","11","2010","PEDALCYCLIST",52,54,0,8,29,17
"59","11","2010","PEDESTRIAN",159,162,2,22,91,49
"60","11","2010","Vehicle/Other",3257,1064,5,104,563,397
"61","11","2011","PEDALCYCLIST",44,45,0,3,26,16
"62","11","2011","PEDESTRIAN",166,172,1,24,97,51
"63","11","2011","Vehicle/Other",3147,952,3,72,513,367
"64","11","2012","PEDALCYCLIST",42,42,0,1,17,24
"65","11","2012","PEDESTRIAN",159,161,3,27,80,54
"66","11","2012","Vehicle/Other",3105,974,5,99,518,357
"67","11","2013","PEDALCYCLIST",54,50,0,3,32,15
"68","11","2013","PEDESTRIAN",145,140,0,21,72,47
"69","11","2013","Vehicle/Other",3059,1026,4,105,478,443
"70","11","2014","PEDALCYCLIST",29,27,0,1,21,5
"71","11","2014","PEDESTRIAN",137,129,3,21,86,22
"72","11","2014","Vehicle/Other",3182,1034,5,138,475,421
"73","11","2015","PEDALCYCLIST",55,54,0,4,39,11
"74","11","2015","PEDESTRIAN",160,165,4,30,102,33
"75","11","2015","Vehicle/Other",3544,1120,3,166,517,437
"76","11","2016","PEDALCYCLIST",41,37,1,5,21,11
"77","11","2016","PEDESTRIAN",157,157,2,23,66,68
"78","11","2016","Vehicle/Other",3924,1060,8,78,585,397
"79","11","2017","PEDALCYCLIST",39,35,2,7,20,8
"80","11","2017","PEDESTRIAN",135,136,3,29,85,22
"81","11","2017","Vehicle/Other",3862,1207,6,111,636,460
"82","11",NA,"Vehicle/Other",2,0,0,0,0,0
"83","12","2009","PEDALCYCLIST",148,140,0,18,68,54
"84","12","2009","PEDESTRIAN",169,182,3,22,82,78
"85","12","2009","Vehicle/Other",5765,1154,12,141,601,412
"86","12","2010","PEDALCYCLIST",168,164,0,19,91,54
"87","12","2010","PEDESTRIAN",171,170,4,26,92,52
"88","12","2010","Vehicle/Other",6140,1208,3,122,664,422
"89","12","2011","PEDALCYCLIST",140,135,1,23,67,45
"90","12","2011","PEDESTRIAN",158,160,0,21,77,62
"91","12","2011","Vehicle/Other",6111,1188,6,125,644,419
"92","12","2012","PEDALCYCLIST",165,158,1,15,80,63
"93","12","2012","PEDESTRIAN",159,155,1,21,82,52
"94","12","2012","Vehicle/Other",6106,1209,6,151,612,446
"95","12","2013","PEDALCYCLIST",159,150,0,28,80,42
"96","12","2013","PEDESTRIAN",168,158,4,34,89,35
"97","12","2013","Vehicle/Other",6110,1204,4,150,589,465
"98","12","2014","PEDALCYCLIST",172,162,0,17,102,43
"99","12","2014","PEDESTRIAN",157,151,3,29,84,38
"100","12","2014","Vehicle/Other",6578,1159,6,150,596,413
"101","12","2015","PEDALCYCLIST",199,191,0,18,118,55
"102","12","2015","PEDESTRIAN",178,175,0,33,96,46
"103","12","2015","Vehicle/Other",7515,1486,6,207,701,578
"104","12","2016","PEDALCYCLIST",183,173,1,24,85,64
"105","12","2016","PEDESTRIAN",172,179,0,18,79,82
"106","12","2016","Vehicle/Other",8029,1388,3,150,699,539
"107","12","2017","PEDALCYCLIST",158,155,2,18,100,37
"108","12","2017","PEDESTRIAN",179,178,2,31,105,42
"109","12","2017","Vehicle/Other",7870,1406,16,114,776,516
"110","12",NA,"Vehicle/Other",1,0,0,0,0,0
"111","14","2009","PEDALCYCLIST",154,144,0,13,60,71
"112","14","2009","PEDESTRIAN",139,142,2,24,50,68
"113","14","2009","Vehicle/Other",3890,654,2,69,315,270
"114","14","2010","PEDALCYCLIST",199,199,0,15,114,70
"115","14","2010","PEDESTRIAN",128,130,0,18,53,59
"116","14","2010","Vehicle/Other",3990,677,4,73,294,310
"117","14","2011","PEDALCYCLIST",164,153,0,18,83,52
"118","14","2011","PEDESTRIAN",115,113,3,14,63,36
"119","14","2011","Vehicle/Other",4044,742,3,38,360,344
"120","14","2012","PEDALCYCLIST",173,165,0,15,81,69
"121","14","2012","PEDESTRIAN",128,131,1,21,73,37
"122","14","2012","Vehicle/Other",3933,746,4,51,383,312
"123","14","2013","PEDALCYCLIST",197,183,0,11,119,53
"124","14","2013","PEDESTRIAN",91,90,0,13,55,22
"125","14","2013","Vehicle/Other",3856,662,3,54,326,282
"126","14","2014","PEDALCYCLIST",203,192,0,11,125,56
"127","14","2014","PEDESTRIAN",120,116,5,11,75,30
"128","14","2014","Vehicle/Other",3944,679,4,54,344,281
"129","14","2015","PEDALCYCLIST",190,187,0,16,110,61
"130","14","2015","PEDESTRIAN",138,134,1,30,64,40
"131","14","2015","Vehicle/Other",3853,593,1,75,272,246
"132","14","2016","PEDALCYCLIST",175,165,0,14,82,69
"133","14","2016","PEDESTRIAN",117,116,0,15,58,43
"134","14","2016","Vehicle/Other",4185,624,2,68,284,272
"135","14","2017","PEDALCYCLIST",111,111,0,17,63,31
"136","14","2017","PEDESTRIAN",127,125,2,24,71,30
"137","14","2017","Vehicle/Other",4028,669,0,65,315,289
"138","14",NA,"PEDALCYCLIST",1,0,0,0,0,0
"139","15","2009","PEDALCYCLIST",15,15,0,2,8,5
"140","15","2009","PEDESTRIAN",92,97,0,15,40,42
"141","15","2009","Vehicle/Other",1829,424,5,23,212,189
"142","15","2010","PEDALCYCLIST",20,18,1,3,10,5
"143","15","2010","PEDESTRIAN",88,94,0,7,41,46
"144","15","2010","Vehicle/Other",1732,431,1,31,207,193
"145","15","2011","PEDALCYCLIST",19,18,0,2,8,8
"146","15","2011","PEDESTRIAN",101,103,2,9,50,44
"147","15","2011","Vehicle/Other",1793,457,4,31,259,167
"148","15","2012","PEDALCYCLIST",21,21,0,1,11,9
"149","15","2012","PEDESTRIAN",95,93,1,8,55,30
"150","15","2012","Vehicle/Other",1814,410,6,38,221,151
"151","15","2013","PEDALCYCLIST",12,11,0,0,8,3
"152","15","2013","PEDESTRIAN",92,94,0,8,61,25
"153","15","2013","Vehicle/Other",1776,329,1,23,156,150
"154","15","2014","PEDALCYCLIST",17,17,0,1,10,6
"155","15","2014","PEDESTRIAN",70,69,1,11,41,17
"156","15","2014","Vehicle/Other",1709,388,1,28,210,150
"157","15","2015","PEDALCYCLIST",22,22,0,6,13,3
"158","15","2015","PEDESTRIAN",60,68,0,20,33,15
"159","15","2015","Vehicle/Other",2139,519,0,49,262,208
"160","15","2016","PEDALCYCLIST",21,21,0,0,6,15
"161","15","2016","PEDESTRIAN",66,65,1,8,34,23
"162","15","2016","Vehicle/Other",2418,517,1,46,285,186
"163","15","2017","PEDALCYCLIST",24,23,1,4,14,5
"164","15","2017","PEDESTRIAN",85,87,2,19,56,12
"165","15","2017","Vehicle/Other",2716,643,3,60,336,247
"166","16","2009","PEDALCYCLIST",84,84,0,13,39,32
"167","16","2009","PEDESTRIAN",124,120,2,22,46,52
"168","16","2009","Vehicle/Other",6162,1181,5,136,490,555
"169","16","2010","PEDALCYCLIST",73,72,0,6,41,25
"170","16","2010","PEDESTRIAN",129,130,1,19,62,49
"171","16","2010","Vehicle/Other",5877,1170,9,112,510,548
"172","16","2011","PEDALCYCLIST",68,63,0,2,32,29
"173","16","2011","PEDESTRIAN",104,103,2,22,48,33
"174","16","2011","Vehicle/Other",5525,1006,5,113,456,437
"175","16","2012","PEDALCYCLIST",76,76,1,8,37,31
"176","16","2012","PEDESTRIAN",113,109,1,11,60,38
"177","16","2012","Vehicle/Other",5790,1022,5,108,456,458
"178","16","2013","PEDALCYCLIST",95,89,1,9,57,23
"179","16","2013","PEDESTRIAN",106,106,1,17,58,31
"180","16","2013","Vehicle/Other",6165,1042,4,116,493,433
"181","16","2014","PEDALCYCLIST",66,60,0,8,35,17
"182","16","2014","PEDESTRIAN",109,101,2,14,59,28
"183","16","2014","Vehicle/Other",6336,1072,6,116,530,426
"184","16","2015","PEDALCYCLIST",86,85,0,13,49,23
"185","16","2015","PEDESTRIAN",136,129,2,29,69,31
"186","16","2015","Vehicle/Other",6703,1057,6,142,493,422
"187","16","2016","PEDALCYCLIST",69,66,0,4,26,36
"188","16","2016","PEDESTRIAN",121,117,3,18,46,53
"189","16","2016","Vehicle/Other",6989,1029,6,145,450,434
"190","16","2017","PEDALCYCLIST",61,61,0,12,30,19
"191","16","2017","PEDESTRIAN",112,107,2,21,47,39
"192","16","2017","Vehicle/Other",7006,1084,4,118,514,452
"193","16",NA,"Vehicle/Other",1,0,0,0,0,0
"194","17","2009","PEDALCYCLIST",85,84,0,4,35,45
"195","17","2009","PEDESTRIAN",119,123,0,23,49,51
"196","17","2009","Vehicle/Other",4659,652,4,70,307,275
"197","17","2010","PEDALCYCLIST",104,104,0,7,65,32
"198","17","2010","PEDESTRIAN",124,127,1,25,57,45
"199","17","2010","Vehicle/Other",4689,722,2,69,369,284
"200","17","2011","PEDALCYCLIST",97,93,0,9,59,25
"201","17","2011","PEDESTRIAN",115,121,1,17,62,42
"202","17","2011","Vehicle/Other",4661,679,1,67,340,272
"203","17","2012","PEDALCYCLIST",114,110,0,12,60,38
"204","17","2012","PEDESTRIAN",121,121,0,12,73,36
"205","17","2012","Vehicle/Other",4676,716,2,76,348,292
"206","17","2013","PEDALCYCLIST",109,101,0,7,62,32
"207","17","2013","PEDESTRIAN",126,123,0,17,79,27
"208","17","2013","Vehicle/Other",4686,661,4,63,318,280
"209","17","2014","PEDALCYCLIST",109,105,1,8,69,28
"210","17","2014","PEDESTRIAN",112,108,0,18,65,25
"211","17","2014","Vehicle/Other",4705,633,1,61,305,267
"212","17","2015","PEDALCYCLIST",93,89,2,10,55,24
"213","17","2015","PEDESTRIAN",111,107,1,19,53,35
"214","17","2015","Vehicle/Other",4965,718,0,89,334,295
"215","17","2016","PEDALCYCLIST",123,120,1,10,52,58
"216","17","2016","PEDESTRIAN",105,104,2,14,39,51
"217","17","2016","Vehicle/Other",5410,610,2,70,286,254
"218","17","2017","PEDALCYCLIST",77,74,0,5,50,19
"219","17","2017","PEDESTRIAN",122,121,1,15,73,33
"220","17","2017","Vehicle/Other",5013,751,3,71,379,301
"221","17",NA,"Vehicle/Other",1,0,0,0,0,0
"222","18","2009","PEDALCYCLIST",116,116,0,13,56,47
"223","18","2009","PEDESTRIAN",245,249,1,37,111,101
"224","18","2009","Vehicle/Other",3529,624,2,71,280,273
"225","18","2010","PEDALCYCLIST",135,129,0,8,78,43
"226","18","2010","PEDESTRIAN",191,198,0,27,99,72
"227","18","2010","Vehicle/Other",3446,566,0,51,256,259
"228","18","2011","PEDALCYCLIST",117,110,0,8,63,39
"229","18","2011","PEDESTRIAN",237,251,2,40,123,88
"230","18","2011","Vehicle/Other",3489,501,2,35,224,242
"231","18","2012","PEDALCYCLIST",127,122,1,14,52,56
"232","18","2012","PEDESTRIAN",203,204,1,23,121,60
"233","18","2012","Vehicle/Other",3195,504,0,36,239,229
"234","18","2013","PEDALCYCLIST",139,128,1,7,83,38
"235","18","2013","PEDESTRIAN",240,236,1,31,120,85
"236","18","2013","Vehicle/Other",3246,469,1,52,209,208
"237","18","2014","PEDALCYCLIST",157,146,0,18,86,42
"238","18","2014","PEDESTRIAN",225,221,1,34,114,73
"239","18","2014","Vehicle/Other",3646,544,2,74,222,248
"240","18","2015","PEDALCYCLIST",162,154,0,21,88,45
"241","18","2015","PEDESTRIAN",238,239,0,44,129,66
"242","18","2015","Vehicle/Other",4120,573,2,61,254,258
"243","18","2016","PEDALCYCLIST",175,159,1,14,86,59
"244","18","2016","PEDESTRIAN",253,250,5,30,119,101
"245","18","2016","Vehicle/Other",4546,580,0,41,263,276
"246","18","2017","PEDALCYCLIST",123,117,0,10,75,32
"247","18","2017","PEDESTRIAN",241,252,0,43,140,69
"248","18","2017","Vehicle/Other",4598,712,3,86,342,284
"249","18",NA,"Vehicle/Other",1,0,0,0,0,0
"250","19","2009","PEDALCYCLIST",183,175,1,26,76,73
"251","19","2009","PEDESTRIAN",179,186,2,24,76,86
"252","19","2009","Vehicle/Other",4251,614,4,78,244,292
"253","19","2010","PEDALCYCLIST",196,190,0,9,103,78
"254","19","2010","PEDESTRIAN",194,197,2,30,91,76
"255","19","2010","Vehicle/Other",4032,603,3,50,233,320
"256","19","2011","PEDALCYCLIST",181,168,0,24,88,56
"257","19","2011","PEDESTRIAN",172,183,2,22,90,71
"258","19","2011","Vehicle/Other",3938,560,1,61,222,277
"259","19","2012","PEDALCYCLIST",187,176,0,21,89,66
"260","19","2012","PEDESTRIAN",186,190,1,37,80,73
"261","19","2012","Vehicle/Other",3726,531,4,65,219,247
"262","19","2013","PEDALCYCLIST",248,225,0,16,147,62
"263","19","2013","PEDESTRIAN",149,143,3,22,74,47
"264","19","2013","Vehicle/Other",3969,568,3,81,246,241
"265","19","2014","PEDALCYCLIST",199,189,0,15,120,54
"266","19","2014","PEDESTRIAN",140,134,0,18,79,37
"267","19","2014","Vehicle/Other",3987,494,0,48,214,232
"268","19","2015","PEDALCYCLIST",208,198,0,21,116,61
"269","19","2015","PEDESTRIAN",155,150,3,20,88,42
"270","19","2015","Vehicle/Other",4061,548,0,76,224,248
"271","19","2016","PEDALCYCLIST",192,186,1,13,102,71
"272","19","2016","PEDESTRIAN",167,169,1,30,65,74
"273","19","2016","Vehicle/Other",4222,494,2,53,242,199
"274","19","2017","PEDALCYCLIST",107,104,0,10,77,17
"275","19","2017","PEDESTRIAN",185,192,2,41,102,49
"276","19","2017","Vehicle/Other",3766,582,1,57,257,268
"277","19",NA,"Vehicle/Other",5,0,0,0,0,0
"278","2","2009","PEDALCYCLIST",33,30,0,4,14,12
"279","2","2009","PEDESTRIAN",120,127,0,23,62,42
"280","2","2009","Vehicle/Other",2006,577,4,68,304,205
"281","2","2010","PEDALCYCLIST",42,41,0,4,26,11
"282","2","2010","PEDESTRIAN",88,88,1,14,50,24
"283","2","2010","Vehicle/Other",1951,604,5,50,306,248
"284","2","2011","PEDALCYCLIST",28,28,0,3,14,11
"285","2","2011","PEDESTRIAN",90,89,3,13,41,35
"286","2","2011","Vehicle/Other",1913,577,1,64,287,226
"287","2","2012","PEDALCYCLIST",37,38,0,7,22,9
"288","2","2012","PEDESTRIAN",88,90,0,10,52,28
"289","2","2012","Vehicle/Other",1773,580,3,56,279,245
"290","2","2013","PEDALCYCLIST",47,49,0,6,32,11
"291","2","2013","PEDESTRIAN",90,87,2,9,49,29
"292","2","2013","Vehicle/Other",1750,490,5,58,254,178
"293","2","2014","PEDALCYCLIST",33,34,1,5,18,11
"294","2","2014","PEDESTRIAN",82,82,0,15,47,20
"295","2","2014","Vehicle/Other",2091,530,2,62,261,207
"296","2","2015","PEDALCYCLIST",30,29,0,4,18,7
"297","2","2015","PEDESTRIAN",100,103,0,14,64,25
"298","2","2015","Vehicle/Other",2475,670,2,84,333,253
"299","2","2016","PEDALCYCLIST",32,30,0,4,13,13
"300","2","2016","PEDESTRIAN",95,95,0,22,32,41
"301","2","2016","Vehicle/Other",2851,744,2,69,372,303
"302","2","2017","PEDALCYCLIST",34,33,0,5,26,2
"303","2","2017","PEDESTRIAN",98,95,1,14,60,21
"304","2","2017","Vehicle/Other",2910,806,4,58,429,319
"305","20","2009","PEDALCYCLIST",54,55,0,5,25,25
"306","20","2009","PEDESTRIAN",77,79,1,11,33,35
"307","20","2009","Vehicle/Other",1941,294,0,20,138,136
"308","20","2010","PEDALCYCLIST",64,60,0,7,29,24
"309","20","2010","PEDESTRIAN",62,62,0,9,32,21
"310","20","2010","Vehicle/Other",1925,335,2,27,153,155
"311","20","2011","PEDALCYCLIST",52,51,0,1,33,17
"312","20","2011","PEDESTRIAN",80,79,2,11,39,29
"313","20","2011","Vehicle/Other",1730,281,0,22,129,130
"314","20","2012","PEDALCYCLIST",62,58,0,3,43,12
"315","20","2012","PEDESTRIAN",71,69,2,8,43,18
"316","20","2012","Vehicle/Other",1881,288,2,25,124,139
"317","20","2013","PEDALCYCLIST",75,69,0,6,42,21
"318","20","2013","PEDESTRIAN",73,68,0,7,43,18
"319","20","2013","Vehicle/Other",1846,291,1,30,122,139
"320","20","2014","PEDALCYCLIST",62,58,0,2,42,14
"321","20","2014","PEDESTRIAN",68,69,1,4,46,19
"322","20","2014","Vehicle/Other",1795,255,1,20,127,108
"323","20","2015","PEDALCYCLIST",59,57,0,3,38,16
"324","20","2015","PEDESTRIAN",81,76,0,20,43,13
"325","20","2015","Vehicle/Other",1854,305,2,28,110,167
"326","20","2016","PEDALCYCLIST",60,57,0,3,25,29
"327","20","2016","PEDESTRIAN",73,75,0,13,37,25
"328","20","2016","Vehicle/Other",1894,270,2,24,125,121
"329","20","2017","PEDALCYCLIST",46,48,0,5,27,16
"330","20","2017","PEDESTRIAN",63,59,0,21,21,17
"331","20","2017","Vehicle/Other",1906,289,1,16,164,109
"332","20",NA,"Vehicle/Other",1,0,0,0,0,0
"333","22","2009","PEDALCYCLIST",23,24,0,4,14,6
"334","22","2009","PEDESTRIAN",75,75,0,13,30,32
"335","22","2009","Vehicle/Other",2669,701,4,64,313,324
"336","22","2010","PEDALCYCLIST",32,31,0,3,15,13
"337","22","2010","PEDESTRIAN",66,71,1,7,39,25
"338","22","2010","Vehicle/Other",2441,746,8,74,368,304
"339","22","2011","PEDALCYCLIST",19,18,0,1,12,5
"340","22","2011","PEDESTRIAN",72,73,1,12,35,26
"341","22","2011","Vehicle/Other",2388,656,5,98,311,247
"342","22","2012","PEDALCYCLIST",15,14,0,0,9,5
"343","22","2012","PEDESTRIAN",59,58,1,9,31,18
"344","22","2012","Vehicle/Other",2223,589,3,51,278,260
"345","22","2013","PEDALCYCLIST",20,19,0,1,15,3
"346","22","2013","PEDESTRIAN",53,56,0,13,27,16
"347","22","2013","Vehicle/Other",2341,652,8,54,334,264
"348","22","2014","PEDALCYCLIST",22,20,0,3,12,5
"349","22","2014","PEDESTRIAN",48,49,1,8,22,19
"350","22","2014","Vehicle/Other",2573,615,0,95,282,238
"351","22","2015","PEDALCYCLIST",19,19,0,4,10,5
"352","22","2015","PEDESTRIAN",63,68,1,18,35,15
"353","22","2015","Vehicle/Other",2779,763,4,123,341,299
"354","22","2016","PEDALCYCLIST",19,18,0,0,13,5
"355","22","2016","PEDESTRIAN",64,65,1,7,24,34
"356","22","2016","Vehicle/Other",3140,718,5,77,334,307
"357","22","2017","PEDALCYCLIST",20,19,0,2,15,2
"358","22","2017","PEDESTRIAN",58,57,0,4,35,18
"359","22","2017","Vehicle/Other",3328,807,5,72,398,337
"360","24","2009","PEDALCYCLIST",64,60,1,9,26,25
"361","24","2009","PEDESTRIAN",105,105,4,13,59,33
"362","24","2009","Vehicle/Other",2408,331,2,24,153,154
"363","24","2010","PEDALCYCLIST",60,57,1,6,30,21
"364","24","2010","PEDESTRIAN",94,97,2,11,46,40
"365","24","2010","Vehicle/Other",2242,292,1,12,141,139
"366","24","2011","PEDALCYCLIST",52,50,0,3,30,17
"367","24","2011","PEDESTRIAN",75,81,0,11,41,29
"368","24","2011","Vehicle/Other",2098,305,2,32,146,127
"369","24","2012","PEDALCYCLIST",69,64,0,8,39,17
"370","24","2012","PEDESTRIAN",96,93,4,15,48,30
"371","24","2012","Vehicle/Other",2153,339,0,23,183,133
"372","24","2013","PEDALCYCLIST",77,72,0,8,44,20
"373","24","2013","PEDESTRIAN",82,83,1,13,50,20
"374","24","2013","Vehicle/Other",2293,343,0,25,168,150
"375","24","2014","PEDALCYCLIST",62,59,0,7,42,10
"376","24","2014","PEDESTRIAN",82,79,0,15,47,17
"377","24","2014","Vehicle/Other",2305,329,0,32,166,131
"378","24","2015","PEDALCYCLIST",71,69,0,10,40,19
"379","24","2015","PEDESTRIAN",88,86,2,13,57,16
"380","24","2015","Vehicle/Other",2282,289,1,32,149,108
"381","24","2016","PEDALCYCLIST",60,61,0,5,31,25
"382","24","2016","PEDESTRIAN",100,99,4,14,49,36
"383","24","2016","Vehicle/Other",2460,327,1,33,164,130
"384","24","2017","PEDALCYCLIST",58,58,0,4,44,10
"385","24","2017","PEDESTRIAN",110,109,1,18,69,22
"386","24","2017","Vehicle/Other",2584,337,0,35,191,111
"387","25","2009","PEDALCYCLIST",71,66,0,9,28,29
"388","25","2009","PEDESTRIAN",190,196,2,31,98,67
"389","25","2009","Vehicle/Other",4650,789,3,73,364,352
"390","25","2010","PEDALCYCLIST",88,89,0,8,43,38
"391","25","2010","PEDESTRIAN",190,189,1,28,87,74
"392","25","2010","Vehicle/Other",4454,762,7,97,349,316
"393","25","2011","PEDALCYCLIST",71,67,1,4,44,19
"394","25","2011","PEDESTRIAN",168,175,1,32,83,60
"395","25","2011","Vehicle/Other",3965,752,4,87,356,309
"396","25","2012","PEDALCYCLIST",76,68,1,8,29,31
"397","25","2012","PEDESTRIAN",159,159,1,21,89,49
"398","25","2012","Vehicle/Other",4090,754,5,93,349,312
"399","25","2013","PEDALCYCLIST",88,78,0,5,51,22
"400","25","2013","PEDESTRIAN",181,187,2,34,91,62
"401","25","2013","Vehicle/Other",4250,706,3,74,292,340
"402","25","2014","PEDALCYCLIST",111,99,0,15,56,28
"403","25","2014","PEDESTRIAN",149,147,3,28,80,39
"404","25","2014","Vehicle/Other",4342,712,2,93,320,299
"405","25","2015","PEDALCYCLIST",109,104,2,18,58,28
"406","25","2015","PEDESTRIAN",185,175,5,46,83,46
"407","25","2015","Vehicle/Other",4663,738,2,86,347,305
"408","25","2016","PEDALCYCLIST",102,97,0,12,43,42
"409","25","2016","PEDESTRIAN",129,137,0,17,60,60
"410","25","2016","Vehicle/Other",5041,836,1,119,346,371
"411","25","2017","PEDALCYCLIST",104,102,0,12,59,31
"412","25","2017","PEDESTRIAN",162,166,1,43,84,39
"413","25","2017","Vehicle/Other",4706,944,4,110,457,377
"414","25",NA,"Vehicle/Other",1,0,0,0,0,0
"415","3","2009","PEDALCYCLIST",32,32,0,2,13,17
"416","3","2009","PEDESTRIAN",90,93,0,7,36,50
"417","3","2009","Vehicle/Other",2036,676,4,57,253,366
"418","3","2010","PEDALCYCLIST",28,29,0,1,16,12
"419","3","2010","PEDESTRIAN",91,101,2,11,58,32
"420","3","2010","Vehicle/Other",1897,609,5,43,258,308
"421","3","2011","PEDALCYCLIST",14,13,0,2,8,3
"422","3","2011","PEDESTRIAN",84,83,1,7,47,29
"423","3","2011","Vehicle/Other",1866,577,2,42,274,261
"424","3","2012","PEDALCYCLIST",15,14,0,0,8,6
"425","3","2012","PEDESTRIAN",79,79,1,15,38,26
"426","3","2012","Vehicle/Other",1921,560,2,31,277,252
"427","3","2013","PEDALCYCLIST",15,16,0,1,9,6
"428","3","2013","PEDESTRIAN",78,77,0,10,42,25
"429","3","2013","Vehicle/Other",1912,581,3,34,301,246
"430","3","2014","PEDALCYCLIST",28,27,0,1,15,11
"431","3","2014","PEDESTRIAN",74,78,0,9,52,17
"432","3","2014","Vehicle/Other",1992,564,1,39,271,254
"433","3","2015","PEDALCYCLIST",18,18,1,3,10,5
"434","3","2015","PEDESTRIAN",76,77,1,15,47,15
"435","3","2015","Vehicle/Other",2332,677,6,64,337,276
"436","3","2016","PEDALCYCLIST",15,14,0,3,8,3
"437","3","2016","PEDESTRIAN",71,77,2,15,45,17
"438","3","2016","Vehicle/Other",2634,787,7,55,421,311
"439","3","2017","PEDALCYCLIST",18,18,0,4,13,1
"440","3","2017","PEDESTRIAN",85,92,0,18,51,23
"441","3","2017","Vehicle/Other",2683,786,1,83,416,287
"442","3",NA,"Vehicle/Other",4,0,0,0,0,0
"443","4","2009","PEDALCYCLIST",35,33,0,1,21,11
"444","4","2009","PEDESTRIAN",93,94,5,18,48,28
"445","4","2009","Vehicle/Other",2805,872,10,94,486,292
"446","4","2010","PEDALCYCLIST",26,24,1,4,13,7
"447","4","2010","PEDESTRIAN",117,117,4,15,74,28
"448","4","2010","Vehicle/Other",2774,801,2,81,402,318
"449","4","2011","PEDALCYCLIST",29,28,1,4,18,6
"450","4","2011","PEDESTRIAN",106,109,1,16,61,32
"451","4","2011","Vehicle/Other",2765,792,5,60,432,300
"452","4","2012","PEDALCYCLIST",26,26,0,2,19,5
"453","4","2012","PEDESTRIAN",104,103,3,15,53,35
"454","4","2012","Vehicle/Other",2566,722,4,55,392,275
"455","4","2013","PEDALCYCLIST",21,21,0,5,11,5
"456","4","2013","PEDESTRIAN",100,104,0,15,64,25
"457","4","2013","Vehicle/Other",2699,805,13,99,424,282
"458","4","2014","PEDALCYCLIST",27,27,0,1,16,10
"459","4","2014","PEDESTRIAN",86,86,3,16,51,19
"460","4","2014","Vehicle/Other",2762,772,7,74,398,300
"461","4","2015","PEDALCYCLIST",26,26,1,7,14,5
"462","4","2015","PEDESTRIAN",105,104,2,23,57,24
"463","4","2015","Vehicle/Other",2863,794,2,73,407,314
"464","4","2016","PEDALCYCLIST",30,29,0,1,13,15
"465","4","2016","PEDESTRIAN",93,94,3,18,43,33
"466","4","2016","Vehicle/Other",3062,733,6,60,437,236
"467","4","2017","PEDALCYCLIST",18,19,0,1,15,3
"468","4","2017","PEDESTRIAN",94,92,4,13,54,25
"469","4","2017","Vehicle/Other",3160,863,9,71,463,329
"470","5","2009","PEDALCYCLIST",14,14,0,1,6,7
"471","5","2009","PEDESTRIAN",76,80,1,11,34,35
"472","5","2009","Vehicle/Other",2125,750,6,68,418,264
"473","5","2010","PEDALCYCLIST",22,23,0,1,11,11
"474","5","2010","PEDESTRIAN",78,82,1,11,44,27
"475","5","2010","Vehicle/Other",2032,705,6,73,382,250
"476","5","2011","PEDALCYCLIST",13,12,0,1,9,2
"477","5","2011","PEDESTRIAN",58,58,1,6,35,17
"478","5","2011","Vehicle/Other",1877,576,5,62,288,226
"479","5","2012","PEDALCYCLIST",16,16,0,2,8,6
"480","5","2012","PEDESTRIAN",60,58,5,6,34,18
"481","5","2012","Vehicle/Other",1828,639,5,87,347,205
"482","5","2013","PEDALCYCLIST",17,15,0,1,7,7
"483","5","2013","PEDESTRIAN",62,62,0,4,41,17
"484","5","2013","Vehicle/Other",1848,556,6,53,337,166
"485","5","2014","PEDALCYCLIST",13,12,0,2,9,1
"486","5","2014","PEDESTRIAN",49,46,1,9,26,11
"487","5","2014","Vehicle/Other",2108,516,7,59,284,173
"488","5","2015","PEDALCYCLIST",10,10,0,1,8,1
"489","5","2015","PEDESTRIAN",44,40,1,7,25,8
"490","5","2015","Vehicle/Other",2394,614,4,50,330,234
"491","5","2016","PEDALCYCLIST",9,8,0,0,4,4
"492","5","2016","PEDESTRIAN",47,48,0,3,25,20
"493","5","2016","Vehicle/Other",2777,784,6,63,454,267
"494","5","2017","PEDALCYCLIST",9,8,0,0,4,4
"495","5","2017","PEDESTRIAN",51,51,2,7,33,11
"496","5","2017","Vehicle/Other",2822,759,4,71,435,253
"497","6","2009","PEDALCYCLIST",23,21,2,1,14,6
"498","6","2009","PEDESTRIAN",140,140,0,24,76,40
"499","6","2009","Vehicle/Other",3194,1155,7,84,721,350
"500","6","2010","PEDALCYCLIST",24,26,0,4,10,12
"501","6","2010","PEDESTRIAN",151,158,1,22,89,47
"502","6","2010","Vehicle/Other",3065,1033,4,50,665,318
"503","6","2011","PEDALCYCLIST",15,17,0,0,6,11
"504","6","2011","PEDESTRIAN",138,148,0,24,72,52
"505","6","2011","Vehicle/Other",2859,928,5,62,546,320
"506","6","2012","PEDALCYCLIST",32,34,2,9,14,11
"507","6","2012","PEDESTRIAN",124,127,2,22,69,36
"508","6","2012","Vehicle/Other",2876,979,2,77,565,337
"509","6","2013","PEDALCYCLIST",27,25,0,3,17,5
"510","6","2013","PEDESTRIAN",96,98,1,14,58,26
"511","6","2013","Vehicle/Other",2910,846,7,59,473,314
"512","6","2014","PEDALCYCLIST",24,25,0,1,14,10
"513","6","2014","PEDESTRIAN",124,121,0,23,74,24
"514","6","2014","Vehicle/Other",3276,948,6,79,568,301
"515","6","2015","PEDALCYCLIST",27,27,0,2,17,8
"516","6","2015","PEDESTRIAN",133,136,3,32,83,21
"517","6","2015","Vehicle/Other",3621,1049,6,65,576,408
"518","6","2016","PEDALCYCLIST",28,27,0,5,11,11
"519","6","2016","PEDESTRIAN",126,121,1,14,53,54
"520","6","2016","Vehicle/Other",3889,959,6,78,539,342
"521","6","2017","PEDALCYCLIST",24,24,0,0,16,8
"522","6","2017","PEDESTRIAN",117,119,1,22,63,34
"523","6","2017","Vehicle/Other",3947,1107,5,78,579,450
"524","6",NA,"Vehicle/Other",1,0,0,0,0,0
"525","7","2009","PEDALCYCLIST",19,18,0,2,10,6
"526","7","2009","PEDESTRIAN",130,141,0,25,72,44
"527","7","2009","Vehicle/Other",2369,765,10,87,388,290
"528","7","2010","PEDALCYCLIST",30,30,1,6,12,12
"529","7","2010","PEDESTRIAN",110,119,3,11,73,35
"530","7","2010","Vehicle/Other",2258,773,6,70,395,308
"531","7","2011","PEDALCYCLIST",18,18,0,4,6,8
"532","7","2011","PEDESTRIAN",113,122,2,16,62,44
"533","7","2011","Vehicle/Other",2142,808,6,74,386,348
"534","7","2012","PEDALCYCLIST",23,22,0,1,12,9
"535","7","2012","PEDESTRIAN",80,97,1,14,42,41
"536","7","2012","Vehicle/Other",2029,704,4,64,370,270
"537","7","2013","PEDALCYCLIST",24,24,0,3,14,7
"538","7","2013","PEDESTRIAN",100,101,2,16,57,28
"539","7","2013","Vehicle/Other",2121,664,4,57,349,258
"540","7","2014","PEDALCYCLIST",17,17,0,3,9,5
"541","7","2014","PEDESTRIAN",91,92,2,10,58,24
"542","7","2014","Vehicle/Other",2228,720,4,68,377,275
"543","7","2015","PEDALCYCLIST",17,16,1,5,11,0
"544","7","2015","PEDESTRIAN",118,111,4,27,64,20
"545","7","2015","Vehicle/Other",2497,776,1,85,386,305
"546","7","2016","PEDALCYCLIST",23,23,0,4,17,2
"547","7","2016","PEDESTRIAN",82,82,2,15,48,19
"548","7","2016","Vehicle/Other",2867,804,0,85,424,295
"549","7","2017","PEDALCYCLIST",34,34,0,7,25,2
"550","7","2017","PEDESTRIAN",86,88,4,10,63,15
"551","7","2017","Vehicle/Other",2646,793,2,94,442,257
"552","8","2009","PEDALCYCLIST",59,60,0,4,25,31
"553","8","2009","PEDESTRIAN",188,189,3,29,86,74
"554","8","2009","Vehicle/Other",6147,1251,6,102,514,635
"555","8","2010","PEDALCYCLIST",59,56,1,5,27,24
"556","8","2010","PEDESTRIAN",176,194,0,31,94,69
"557","8","2010","Vehicle/Other",5941,1383,5,98,548,737
"558","8","2011","PEDALCYCLIST",59,55,1,6,27,22
"559","8","2011","PEDESTRIAN",163,167,3,27,72,68
"560","8","2011","Vehicle/Other",5890,1225,4,70,529,626
"561","8","2012","PEDALCYCLIST",54,46,0,2,24,20
"562","8","2012","PEDESTRIAN",189,185,2,18,91,76
"563","8","2012","Vehicle/Other",5828,1197,6,97,550,550
"564","8","2013","PEDALCYCLIST",79,71,0,9,44,18
"565","8","2013","PEDESTRIAN",181,176,6,25,99,52
"566","8","2013","Vehicle/Other",5952,1115,3,102,512,501
"567","8","2014","PEDALCYCLIST",55,48,2,9,30,9
"568","8","2014","PEDESTRIAN",127,134,0,21,78,35
"569","8","2014","Vehicle/Other",6185,1061,3,90,487,484
"570","8","2015","PEDALCYCLIST",71,69,0,6,41,22
"571","8","2015","PEDESTRIAN",184,176,2,29,101,46
"572","8","2015","Vehicle/Other",6836,1102,6,99,566,437
"573","8","2016","PEDALCYCLIST",69,61,0,3,31,27
"574","8","2016","PEDESTRIAN",172,165,4,27,69,69
"575","8","2016","Vehicle/Other",7432,1042,5,92,572,378
"576","8","2017","PEDALCYCLIST",61,60,1,11,36,13
"577","8","2017","PEDESTRIAN",197,198,3,42,110,46
"578","8","2017","Vehicle/Other",7368,1392,9,148,746,498
"579","8",NA,"Vehicle/Other",1,0,0,0,0,0
"580","9","2009","PEDALCYCLIST",68,68,1,9,32,27
"581","9","2009","PEDESTRIAN",142,146,0,23,72,51
"582","9","2009","Vehicle/Other",4569,1119,10,164,545,410
"583","9","2010","PEDALCYCLIST",51,52,0,5,24,23
"584","9","2010","PEDESTRIAN",140,145,1,17,76,52
"585","9","2010","Vehicle/Other",4530,1054,16,115,567,372
"586","9","2011","PEDALCYCLIST",54,52,1,5,31,16
"587","9","2011","PEDESTRIAN",139,139,5,20,86,33
"588","9","2011","Vehicle/Other",4403,1114,5,125,571,418
"589","9","2012","PEDALCYCLIST",59,55,2,2,33,20
"590","9","2012","PEDESTRIAN",123,123,4,17,73,33
"591","9","2012","Vehicle/Other",4509,1046,10,111,601,334
"592","9","2013","PEDALCYCLIST",66,63,0,9,40,14
"593","9","2013","PEDESTRIAN",110,113,1,18,55,40
"594","9","2013","Vehicle/Other",4746,1104,11,138,606,360
"595","9","2014","PEDALCYCLIST",77,75,2,6,52,17
"596","9","2014","PEDESTRIAN",129,132,4,17,82,33
"597","9","2014","Vehicle/Other",5094,1058,7,137,571,350
"598","9","2015","PEDALCYCLIST",72,74,0,9,46,19
"599","9","2015","PEDESTRIAN",127,122,5,36,61,25
"600","9","2015","Vehicle/Other",5493,1078,9,103,620,355
"601","9","2016","PEDALCYCLIST",75,75,0,10,41,24
"602","9","2016","PEDESTRIAN",149,144,2,11,65,68
"603","9","2016","Vehicle/Other",6068,1052,5,95,640,317
"604","9","2017","PEDALCYCLIST",62,63,0,7,42,14
"605","9","2017","PEDESTRIAN",146,145,5,29,77,39
"606","9","2017","Vehicle/Other",5860,1165,7,117,713,335
"607","9",NA,"Vehicle/Other",1,0,0,0,0,0
"608",NA,"2009","PEDALCYCLIST",6,5,0,1,2,2
"609",NA,"2009","PEDESTRIAN",15,18,1,6,9,3
"610",NA,"2009","Vehicle/Other",723,196,0,18,59,119
"611",NA,"2010","PEDALCYCLIST",10,10,0,2,6,2
"612",NA,"2010","PEDESTRIAN",14,14,0,3,7,4
"613",NA,"2010","Vehicle/Other",844,226,2,19,89,118
"614",NA,"2011","PEDALCYCLIST",10,10,0,1,4,5
"615",NA,"2011","PEDESTRIAN",16,16,0,3,5,8
"616",NA,"2011","Vehicle/Other",672,220,0,23,106,91
"617",NA,"2012","PEDALCYCLIST",5,5,0,0,5,0
"618",NA,"2012","PEDESTRIAN",16,16,1,5,8,3
"619",NA,"2012","Vehicle/Other",737,201,1,21,75,105
"620",NA,"2013","PEDALCYCLIST",6,5,0,0,3,2
"621",NA,"2013","PEDESTRIAN",13,13,0,3,7,3
"622",NA,"2013","Vehicle/Other",785,227,2,30,97,100
"623",NA,"2014","PEDALCYCLIST",17,16,0,3,9,4
"624",NA,"2014","PEDESTRIAN",13,13,0,3,6,4
"625",NA,"2014","Vehicle/Other",770,236,0,18,108,110
"626",NA,"2015","PEDALCYCLIST",16,17,0,1,11,5
"627",NA,"2015","PEDESTRIAN",21,19,1,3,11,5
"628",NA,"2015","Vehicle/Other",998,229,1,14,107,108
"629",NA,"2016","PEDALCYCLIST",13,13,0,2,7,4
"630",NA,"2016","PEDESTRIAN",23,22,0,3,10,9
"631",NA,"2016","Vehicle/Other",1158,262,1,21,119,122
"632",NA,"2017","PEDALCYCLIST",5,5,0,2,3,0
"633",NA,"2017","PEDESTRIAN",23,21,2,3,12,6
"634",NA,"2017","Vehicle/Other",726,204,1,15,96,93
